"['A:', '']"
"['B:', "" Do you have any pets? I have a dog and he's my best friend.""]"
"['A:', "" I don't, but I would love to get a dog one day. What kind of dog do you have?""]"
"['B:', "" He's a Labrador Retriever. He's the best. ""]"
"['A:', "" I love labradors! They're so sweet and gentle. Do you have any other pets?""]"
"['B:', ' I do! I have a German Shepherd and a Chihuahua. ']"
"['A:', "" That's so cool! I've always wanted a dog, but my apartment doesn't allow pets.""]"
"['B:', "" Aw, that's too bad. Do you live in an apartment or an apartment building? ""]"
"['A:', "" I live in a studio apartment, so I can't have a dog in my apartment. ""]"
"['B:', "" Oh, I see. Well, at least you don't have to clean up after them, right? ""]"
"['A:', "" Yeah, that's true. I guess I'll just have to get used to it. ""]"
"['B:', "" Yeah, I guess so. I'm sure you'll get use to it soon enough.""]"
"['A:', ' Thanks for the kind words. I hope you have a great rest of your day/night!']"
"['B:', ' You too! Thanks for chatting. Have a great day!   Bye! ']"
"['A:', ' Goodbye! Have a nice day! Bye for now! :D  BTW, what do you like to do in your spare time?']"
"['B:', ' I like to spend time with my family and play video games. What do you do for fun?']"
"['A:', ' Video games are a lot of fun. I like playing video games as well. ']"
"['B:', ' What kind of video games do you like to play? Do you have a favorite genre?']"
"['A:', ' I like first-person shooters. I also like racing games. What about you?']"
"['B:', ' I like action and adventure games the most. I really like the Call of Duty series. ']"
"['A:', "" I've never played CoD, but I've heard a lot about it. Is it good?""]"
"['B:', ' CoD is really good. It is a first-person shooter video game developed and published by Activision. ']"
"['A:', "" I'll have to check it out. I'm a big fan of first person shooters.""]"
"['B:', ' CoD has been around for a long time. It was first released in 2001. ']"
"['A:', "" I didn't realize it was that old. It's crazy to think that it's been around that long.""]"
"['B:', ' I know, right? The company was founded by Richard Garfield in 1964. ']"
"['A:', "" Wow, that's a long time ago. I wonder what it's like to work there.""]"
"['B:', "" I'm not sure, but I do know that the company is the world's third-largest company by revenue.""]"
"['A:', "" Wow, I didn't know that. That's a lot of money. Do you like working there?""]"
"['B:', "" I don't work there, but it is one of the largest companies in the world. ""]"
"['A:', "" That's really cool. What do you do for a living, if you don't mind me asking?""]"
"['B:', ' I am a freelancer.  I work from home.  How about you?']"
"['A:', "" I work in an office, but I'd love to freelance some day. Do you enjoy it?""]"
"['B:', ' I do enjoy it.  It allows me to do what I love.  What kind of office work do you do?']"
"['A:', "" I work in a call center. It's not the most exciting job, but it pays the bills. ""]"
"['B:', "" That sounds like a good job to have.  I'm sure you get to meet a lot of interesting people.""]"
"['A:', "" I do, and it's a great way to meet new people. I've met some really interesting people over the years. ""]"
"['B:', "" That's great to hear.  It's always nice to meet people with interesting backgrounds.""]"
"['A:', "" It really is. It's nice to be able to get to know someone so well. ""]"
"['B:', "" Yes, it is.  I'm happy for you.  Do you have any plans for the weekend?""]"
"['A:', "" Yes, I'm going to a concert with some friends. I'm really looking forward to it. ""]"
"['B:', ' That sounds like a lot of fun.  What kind of music do you like to listen to?']"
"['A:', ' I like all kinds of music, but my favorite band is Pink Floyd. What about you?']"
"['B:', "" I don't really have a favorite.  I listen to whatever is on the radio. ""]"
"['A:', "" That's cool. What kind of music do you like to listen to when you're not listening to music?""]"
"['B:', ' I like all kinds of music.  It depends on my mood.  What do you listen to?']"
"['A:', ' I listen to a little bit of everything. My favorite band is Pink Floyd. What about you?']"
"['B:', ' I like them too.  My favorite album of theirs is ""The Dark Side of the Moon"".']"
"['A:', "" I've never heard of that one. I'll have to check it out. I like all of their albums.""]"
"['B:', "" It's a great album.  It was released in 2009.  I think you'll like it.""]"
"['A:', "" I will have to look it up. I'm always looking for new music to listen to. ""]"
"['B:', ' Me too.  There are so many great bands out there.  Do you have a favorite?']"
"['A:', "" I don't have a specific favorite, but I do like a lot of different types of music.""]"
"['B:', "" I agree.  It's hard to narrow it down to just one.  What's your favorite?""]"
"['A:', ' I would have to say the Beatles are my favorite. They were one of the most influential bands of all time. ']"
"['B:', ' I love them too.  They were formed in Liverpool, England in 1960.']"
"['A:', ' Yes they were. They formed a band called ""Love Me Do"" in 1962.']"
"['B:', "" That's cool.  I didn't know that.  Do you have a favorite song by them?""]"
"['A:', "" No, I don't have a specific favorite song. But I do know that they have sold over 100 million records worldwide. ""]"
"['B:', "" Wow, that's a lot of records.  They were formed in 1985.""]"
"['A:', ' Yes, they have been around for a long time. They were founded in Los Angeles, California. ']"
"['B:', "" Yes, and they have sold over 100 million records worldwide.  That's crazy!""]"
"['A:', ' Yes, it is. They are one of the most successful bands of all time. ']"
"['B:', ' Yes, they are.  They were formed in 1971 in Los Angeles.']"
"['A:', "" Yes, and they have sold over 100 million records worldwide. That's a lot of money.""]"
"['B:', ' Yes, it is.  The band was formed as a punk rock band.']"
"['A:', ' Punk rock is a genre of rock music that originated in the United States in the late 1960s and early 1970s.']"
"['B:', ' Yes, and it has roots in blues rock and psychedelic rock. ']"
"['A:', ' Yes, rock music is also known as ""rock and roll"" or simply rock and roll.']"
"['B:', ' Rock and roll is a genre of rock music that originated in the United States in the early 1950s.']"
"['A:', ' Yes, it has roots in blues rock, psychedelic rock, and folk rock.']"
"['B:', ' Rock and Roll is also known as ""rock and roll"" or simply rock and roll. ']"
"['A:', ' Rock and roll originated in the United States in the late 1960s and early 1970s.']"
"['B:', ' That is correct. Rock music has roots in blues rock and psychedelic rock.']"
"['A:', ' Rock and Roll is one of the most popular genres of music today. ']"
"['B:', ' Rock and roll is a genre of popular music that originated in the United States in the early 1950s.']"
"['A:', ' Yes, rock and roll has roots in blues rock, psychedelic rock, and folk rock.']"
"['B:', ' Rock and roll is one of the most popular genres of music in the U.S. ']"
"['A:', ' Yes, it originated in the United States in the late 1960s and early 1970s.']"
"['B:', ' The term rock and roll was first recorded in the US in the early 1950s. ']"
"['A:', ' Yes, the term ""rock and roll"" was coined by Led Zeppelin in 1962.']"
"['B:', ' Rock and roll is a genre of rock music that originated in the United States in the late 1960s.']"
"['A:', ' Yes, rock and roll has roots in blues rock and psychedelic rock.']"
"['B:', ' Yes, Rock and Roll is also known as ""rock and roll"" or simply rock. ']"
"['A:', ' Rock and roll is a genre of music that originated in the United States in the 1950s.']"
"['B:', ' Yes, rock and roll has roots in blues rock and psychedelic rock.']"
"['A:', ' Yes, Rock and Roll is also known as ""rock and roll"" and is a type of rock music.']"
"['B:', ' Rock and roll originated in the United States in the late 1960s and early 1970s.']"
"['A:', ' Yes, rock and roll has roots in blues rock and psychedelic rock.']"
"['B:', ' Yes, Rock and Roll is a genre of popular music that developed in the U.S. in the early 1950s.']"
"['A:', ' Rock and roll originated in the United States in the late 1960s and early 1970s. ']"
"['B:', ' Rolling Stone magazine named it one of the most influential music genres of all time.']"
"['A:', ' The term ""rock and roll"" was first recorded in the U.S. in 1962.']"
"['B:', "" I didn't know that, but I do know that the band was formed in London, England.""]"
"['A:', ' Yes, that is correct. The band was founded in 1971 in London. ']"
"['B:', "" Wow, that's a long time ago.  I wonder what their sound was like back then.""]"
"['A:', "" I'm not sure, but I do know that they have sold over 100 million records worldwide. ""]"
"['B:', "" Wow!  That's a lot of records.  Do you have any favorite songs by them?""]"
"['A:', ' I don\'t really have a favorite song by them.  I know that their debut album, ""Creep"" debuted at number one on the US Billboard 200.']"
"['B:', ' Creep is one of my favorites as well. It was released in 1997.']"
"['A:', ' Yes, it was released as a double-platinum album in the United States. ']"
"['B:', "" I didn't know that. I thought it was a one-piece album though.""]"
"['A:', ' It was a single album, but it was certified platinum in the U.S. ']"
"['B:', "" Oh, I see. That's pretty cool. I wonder how many people have listened to it.""]"
"['A:', "" I'm not sure, but I do know that it sold over 100 million records worldwide.""]"
"['B:', "" Wow, that's a lot of records. I didn't realize it was that popular. ""]"
"['A:', "" I know, right? It's crazy to think that it's been around since 1968.""]"
"['B:', "" Yeah, it's crazy that records have been around for so long. It's amazing how long they've been around. ""]"
"['A:', ' It really is. I wonder what the first recording was made of. I bet it was a lot different than what we have today.']"
"['B:', "" I'm not sure, but I do know that recording has been going on for thousands of years. ""]"
"['A:', "" That's true. The earliest recordings date back to the Paleolithic era.""]"
"['B:', ' I know that the recording of music dates back to prehistoric times. ']"
"['A:', ' Yes, it does. The recording techniques have changed a lot over the years.']"
"['B:', ' Do you know that recordings of music have been recorded since the beginning of recording?']"
"['A:', "" No, I didn't know that. I know recording has been around for a long time though. ""]"
"['B:', ' Recording has been recording music for a very long time.  The earliest recordings were recorded in ancient Egypt and Greece.']"
"['A:', "" That's true, but I'm not sure when the first recording was recorded. ""]"
"['B:', "" I don't know the exact date either, but the recording techniques have changed a lot since then.""]"
"['A:', "" I'm sure they have.  Recording technology has come a long way since the early 1900's.""]"
"['B:', "" Yes, it's amazing how far we've come since then, especially with digital recording technology. ""]"
"['A:', ' It really is.  Digital recording has really changed the way we listen to music.']"
"['B:', "" It really has! It's crazy to think that it's been around since the early 1950's.""]"
"['A:', "" I know, right?  It's amazing how far we've come since then.  Technology has come a long way since then!""]"
"['B:', "" It really has! I can't believe how far technology has come in the last few decades.""]"
"['A:', "" I know, it's crazy to think that we've been using it since the beginning of time.""]"
"['B:', "" I know! It's crazy how far we've come since the invention of the personal computer. ""]"
"['A:', "" It really is.  It's amazing how far technology has come.  I can't believe it's been that long.""]"
"['B:', "" Yeah, it's crazy to think that the first computer was invented in the late 19th century.""]"
"['A:', ' I know, right?  The first computer I ever used was a Commodore 64.']"
"['B:', "" Wow, that's a long time ago. Did you ever use it to play video games?""]"
"['A:', ' Yes, I did.  I used to play a lot of NES and Sega Saturn.']"
"['B:', "" That's awesome. I remember the Sega Genesis. It was one of my favorite video game consoles of all time. ""]"
"['A:', ' Yeah, it was a great system.  It was released in Japan in 1986.']"
"['B:', "" Wow, that's a long time ago. I can't believe it's been that long since it was released.""]"
"['A:', "" I know, right?  It's crazy to think about how long it has been around.""]"
"['B:', "" It really is. I remember when it first came out in 1997. It's been a while.""]"
"['A:', "" I know!  I can't believe it's been that long.  I wonder if it's still as good as it used to be.""]"
"['B:', "" I haven't seen it in a long time, but I'm sure it still holds up.""]"
"['A:', "" I hope so.  It's been so long since I've seen it, I don't know what I'd do without it.""]"
"['B:', "" I know what you mean. It's one of the best shows I've ever seen. ""]"
"['A:', "" I can't believe it's been on the air for so long.  I remember watching it when it first aired on NBC in 1997.""]"
"['B:', "" I know, it's crazy how long it has been around. It was created by Steven Spielberg and David Geffen.""]"
"['A:', "" That's right.  It was produced by Warner Bros. Entertainment. ""]"
"['B:', "" I know! It's been around for a long time. It debuted in 1974.""]"
"['A:', ' Yes, and it was the highest-grossing animated film of all time at the time.']"
"['B:', ' Yes, it was. It grossed over $600 million at the box office. ']"
"['A:', "" Wow, that's a lot of money.  It was directed by George Lucas.""]"
"['B:', ' Yes, and it was the highest grossing animated film of all time, too. ']"
"['A:', "" Wow, I didn't know that.  Did you see it in theaters? ""]"
"['B:', ' Yes, I saw it when it came out in 1989.  It was directed by James Cameron.']"
